Region_Code,Prefecture,City,LA03,LB00,LB01,LB011001,LB012001,LB012002,LB013001,LB013002,LB013003,LB013004,LB013005,LB013006,LB013007,LB014001,LB014002,LB014003,LB02,LB021101,LB021102,LB021103,LB021104,LB021105,LB021106,LB021107,LB021108,LB021109,LB021110,LB021111,LB021112,LB021113,LB021114,LB021115,LB021116,LB021201,LB021202,LB021203,LB021204,LB021205,LB022001,LB022002,LB022003,LB022004,LB022006,LB023001,LB023002,LB023003,LB023004,LB024001,LB024002,LB024003,LB024004,LB024005,LB03,LB031001,LB031002,LB031003,LB031004,LB031005,LB032001,LB032002,LB032003,LB032004,LB04,LB041001,LB042001,LB042002,LB042003,LB042004,LB042005,LB043001,LB05,LB051101,LB051102,LB051103,LB051104,LB051105,LB051106,LB051107,LB051108,LB051201,LB051202,LB051203,LB051204,LB051205,LB051206,LB051207,LB051208,LB051209,LB051210,LB051301,LB051302,LB051303,LB051304,LB051305,LB051306,LB051307,LB051308,LB051309,LB051310,LB051311,LB052001,LB052002,LB052003,LB052004,LB052005,LB052006,LB053001,LB053002,LB053003,LB053004,LB054001,LB054002,LB054003,LB054004,LB054005,LB054006,LB054007,LB054008,LB06,LB061001,LB061002,LB061004,LB061005,LB061006,LB061007,LB061008,LB061009,LB061010,LB061011,LB061012,LB061013,LB061014,LB061015,LB062001,LB07,LB071001,LB071002,LB072001,LB072002,LB072003,LB072004,LB072005,LB072006,LB072007,LB072008,LB072009,LB072010,LB072011,LB072012,LB072013,LB072014,LB072015,LB072016,LB08,LB080001,LB080002,LB080003,LB080004,LB080005,LB080006,LB080007,LB080008,LB080009,LB080010,LB080011,LB080012,LB080013,LB080014,LB080015,LB080016,LB09,LB091001,LB091002,LB091003,LB091004,LB091005,LB092001,LB092002,LB092003,LB092004,LB092005,LB092006,LB092007,LB092008,LB092009,LB092010,LB092011,LB092012,LB10,LB101001,LB101002,LB101003,LB101004,LB102001,LB102002,LB102003,LB103001,LB103002,LB103003,LB103004,LB103005,LB103006,LB103007,LB11,LB110001,LB110002,LB110003,LB110004,LB110005,LB110006,LB110007,LB110008,LB12,LB121101,LB121102,LB121103,LB121104,LB121105,LB121106,LB121107,LB121108,LB121109,LB121110,LB121201,LB121202,LB122001
R00000,All_Japan,All_Japan,2.88,1085539,91820,30111,10713,23530,3777,2325,1517,4716,5833,2412,732,651,1787,3717,75069,5356,960,404,1682,828,5063,831,668,1024,2818,1648,1132,2950,1705,6822,4174,395,324,748,987,393,2530,2052,1587,552,6880,2426,2028,3214,1642,859,3010,889,2968,3521,100009,21217,34262,19258,3280,3228,4706,8004,2539,3515,53146,15836,938,14105,1368,7077,794,13027,112135,3164,1947,1462,3484,2656,2641,1026,6747,1293,2871,758,1737,2780,987,4199,996,673,3331,1700,1696,3498,2154,8082,2311,1952,1898,1374,2527,4924,389,366,3261,1576,727,2984,5330,3010,4759,906,1634,1414,1131,617,5034,1281,417,2431,42925,4757,4512,567,2200,1858,3514,1039,1103,1495,927,3547,6111,2365,5131,3800,49162,4828,642,440,1800,2220,1149,755,825,791,1727,2231,1389,1487,4146,2654,1920,5471,14687,104821,745,930,10161,897,7630,2377,1859,10920,6924,5628,6846,2659,7057,2577,12306,25308,156940,18460,15890,6164,6869,20235,2551,6360,2261,2287,13590,1177,1984,2755,1660,11177,3859,39662,67488,3187,878,1672,8633,8389,5704,420,7467,7771,5757,2868,4421,1595,8726,45358,5440,5782,12985,2838,3339,8363,5242,1369,186665,7467,8752,3036,16577,26615,5121,13378,8444,6446,54738,10261,18073,7756
R01100,Hokkaido,Sapporo_shi,2.77,1007628,91994,35984,9366,19957,3515,2057,1558,4663,6428,2207,666,565,1467,3560,78324,5327,203,173,1432,1257,7588,726,918,409,1237,1285,1195,2776,2142,7744,3105,433,399,825,2214,758,3040,2047,768,129,8754,1751,1617,3385,1489,673,4396,509,3147,4473,95575,11562,35713,19818,1919,5350,4008,8913,2669,5623,49280,14015,707,11463,1518,8409,670,12497,106859,3271,2289,1554,3466,2576,2803,1124,8235,1557,2771,289,1958,2580,909,4416,668,661,3266,1066,1646,3096,2417,7168,2564,1789,1733,1219,2360,3391,346,347,2917,1313,529,2672,4574,2378,5066,651,1507,1993,933,347,4611,1120,353,2360,38320,4205,4577,420,2123,881,2085,1502,667,1332,1824,2713,5673,2311,4175,3832,45910,4558,423,464,1536,1877,1047,746,659,734,1731,1805,1431,1562,3691,2348,1564,5531,14206,102344,618,542,8976,779,7130,2234,1550,12074,5223,5193,7555,3025,7543,3282,12827,23793,122619,14038,13170,5982,5696,14737,1387,4893,1422,1590,12202,1002,1647,3052,1483,8779,1233,30304,64735,2560,831,1395,8743,9227,5626,471,6193,10096,3779,2840,3424,1349,8199,50553,5861,5337,15615,3676,4526,7269,6837,1434,161115,7170,7627,2385,17303,23714,3580,18638,8162,4823,26979,7456,21073,12205
R02201,Aomori_ken,Aomori_shi,2.79,1010524,87921,29339,9621,19671,3387,2771,1288,6192,8326,2491,549,575,1124,2587,87939,5406,613,601,1659,1704,6418,567,754,724,1781,2730,1037,2955,1728,8361,3321,371,913,348,3046,930,3199,2985,937,467,10211,1791,2073,3290,1473,571,5881,434,3515,5146,92579,14844,32816,16959,1428,4156,4405,9659,3051,5261,48422,15228,908,13120,1084,6527,626,10928,116364,3447,2317,1282,3406,2741,3246,1437,7418,1298,2355,261,1755,2659,1109,4486,706,662,3811,1942,1558,3061,2617,8317,2057,1914,1763,1204,2820,3616,178,275,2907,1861,1174,3095,5103,2542,6732,869,2142,2216,1416,603,5348,1238,278,3120,40395,8246,3828,575,1847,665,1780,812,729,1321,1600,3006,6519,2532,3474,3459,46003,4681,767,413,1417,2080,861,853,799,691,1707,1920,1101,1433,3949,2222,1669,6330,13110,98602,643,370,8896,449,6561,2319,1855,10512,7147,4616,7662,2530,5726,2866,12287,24164,145251,19279,15965,5172,5474,17250,2073,5680,2070,2151,14830,889,1679,5063,1887,9230,1519,35039,74638,2231,493,1336,9490,8297,7545,344,10508,11210,6370,3002,2729,2172,8912,62506,6761,7756,18770,4574,4154,11306,7612,1574,109903,5019,9757,1246,14942,16945,3117,9401,7194,4529,20519,4626,11361,1247
R03201,Iwate_ken,Morioka_shi,2.85,1042728,86816,28660,8716,20144,3730,2603,1423,6475,7023,2342,792,585,1344,2980,73833,5150,513,330,2066,888,5281,556,910,446,1681,1590,954,2542,1338,6143,3917,350,504,800,1446,628,4151,1859,921,297,8319,1421,1952,3010,1191,694,4034,465,3135,4351,81304,10223,31713,15993,1505,3366,4186,7878,2433,4007,51794,15578,622,15778,1186,6696,694,11241,119020,3402,2547,1312,3240,2410,3201,1365,7515,1188,2223,760,1888,2877,1215,4085,754,527,3450,1622,1586,3427,2118,6854,2123,1936,2049,1453,3567,4130,250,367,3278,2666,903,3127,7115,3261,6950,1101,1939,1522,1652,591,5579,1056,341,2498,44230,8095,4163,479,2414,1064,2681,1057,749,1626,1012,3648,6302,2364,4590,3986,48999,4662,622,417,1839,2581,1010,798,620,739,1572,2070,1193,1533,4650,2297,1716,6452,14228,109608,956,467,9434,475,7831,3211,1964,10087,7754,5646,6752,2390,8040,2459,13587,28556,137790,15317,14478,5501,5175,16477,2158,5935,2019,2305,13519,977,1804,3156,1729,9734,2601,34905,71382,2501,679,1571,9010,9460,5763,538,9614,10281,4907,2719,2841,1860,9640,59409,7136,6480,18264,2962,4009,10641,8013,1904,158544,6927,11244,2494,14794,14403,2200,7384,7674,4926,47895,7112,20520,10972
R04100,Miyagi_ken,Sendai_shi,2.92,1065052,86729,26933,10030,21414,3400,2138,1616,5185,7189,2167,790,531,1418,3918,74346,5989,500,328,2349,864,4687,537,916,363,1706,1448,1017,2613,751,5936,3146,314,348,982,1059,394,3197,1803,1522,296,6344,1754,1530,8056,1652,727,3327,743,3381,3766,90920,12632,34711,17888,1758,4103,4288,8366,2638,4536,54102,15100,834,15026,1380,8219,739,12805,119907,2991,2163,1402,3195,2316,2907,1241,8760,1374,2899,849,1909,2878,1132,4084,929,811,3364,2032,1850,3808,2325,7943,2675,1748,2081,1453,3424,4371,374,414,3177,2478,807,3305,5416,2960,6195,1064,1956,1429,1210,661,5520,1053,297,2676,42925,4411,4425,693,2579,1714,2434,912,1534,1551,786,3732,5472,2330,6073,4279,48372,4907,455,425,1676,2363,937,704,723,796,1573,2021,1343,1467,4641,2611,1885,5226,14619,109057,682,936,10875,724,7701,2517,2003,11881,7133,6584,7687,2814,8027,3059,12744,23688,149087,18308,14197,7112,7795,20135,2111,7348,2258,2702,14300,1276,1887,2985,1803,9114,1865,33890,68451,3180,1120,1540,9033,8591,5536,406,7061,9263,5294,3574,3532,1619,8702,48831,6729,4720,11924,4837,3843,6624,8207,1948,172324,9406,14207,4355,17554,28348,3858,14261,7886,6238,24913,10027,20529,10741
R05201,Akita_ken,Akita_shi,2.66,1030621,82086,24802,8532,18253,3828,3943,1361,6331,7215,2379,613,680,1251,2899,81124,5322,1065,540,1649,1990,5835,786,979,611,2066,2159,821,3133,1262,7093,4123,316,657,556,1328,574,4699,2851,892,289,7991,1510,1807,3316,1440,688,4371,1295,3181,3928,92656,12275,37909,18991,1442,2714,4253,8374,2844,3854,51269,15151,663,13879,1182,6969,721,12705,126284,3627,3095,1526,3549,2796,3174,1418,9041,1498,2656,584,1950,2882,1206,3997,773,640,3979,3397,1788,3591,2681,8486,2381,2445,2022,1511,4173,4104,488,276,2941,1847,904,3687,5949,2612,6875,640,1738,1691,1675,436,5355,1160,613,2428,45162,6512,4391,535,2212,1953,2998,1068,917,2134,1903,3308,6534,2330,4560,3807,49441,4686,591,429,1801,3075,1163,877,643,663,1829,1794,1377,1477,4197,2479,1897,6739,13723,100988,709,680,10352,603,6611,2395,1791,10948,6778,4625,7142,2466,6674,2489,11188,25535,134194,14940,11599,4803,6563,15771,1994,4671,1713,1906,11199,960,1501,3003,1411,10589,2275,39296,64373,2630,807,1774,7358,9215,4961,391,8158,8727,4750,2191,3624,1843,7943,59561,10089,6544,15661,4994,4310,10766,5794,1402,143483,6952,11919,2707,16134,19689,2598,8868,8536,4181,25919,6027,16841,13111
R06201,Yamagata_ken,Yamagata_shi,3.01,1134379,89965,30284,9119,18846,4861,3558,1571,6445,6781,2344,812,600,1870,2873,77837,5734,513,232,2174,741,4780,369,847,493,2269,1927,1056,2646,1336,5552,3628,525,168,858,1553,489,4504,2776,1208,318,8524,2045,2152,3649,1748,714,3793,1101,3545,3867,107017,24808,35625,17545,1967,5348,4395,8772,3412,5145,56116,16033,801,17109,1247,7760,868,12297,125011,2940,2906,1195,3727,2589,3206,1460,9946,1207,2442,1856,1747,2685,1197,3738,881,1267,3246,2140,1582,4081,2614,6642,2188,1834,1997,1780,4270,4010,391,267,3105,2141,1112,3677,5938,3439,6461,734,2910,1264,1202,954,5921,1273,343,2503,53608,6759,4195,785,2360,3176,4266,972,1350,1792,927,3632,5838,2205,11247,4105,52008,5181,480,507,2941,2719,1199,729,738,735,1812,2088,1183,1680,4377,2470,2146,5902,15121,117036,821,958,13345,455,7434,2773,1919,12812,9477,6472,7452,2576,7935,3417,14068,25121,145481,14450,14100,5644,6847,17863,2015,6400,2148,2469,15384,1067,1445,3618,1717,12463,3200,34651,65819,2756,762,1363,8254,8820,5348,457,7819,8844,5246,2242,3668,2084,8159,53507,7029,5430,14371,4503,3980,10057,6371,1765,190974,10980,21695,3695,21005,27334,4757,17840,11064,5387,20910,8729,20940,16636
R07201,Fukushima_ken,Fukushima_shi,2.85,1088652,92729,34504,8618,21048,3320,2718,1538,5049,7723,2342,952,659,1361,2896,75149,6681,469,267,2559,715,4167,462,773,557,1556,1662,983,2211,967,4613,3968,424,333,565,1018,310,4024,2525,1849,360,7836,2357,1758,3688,2206,725,4228,1040,3230,4066,86661,11187,36907,15269,1094,2870,4861,7708,3133,3630,56133,14998,1124,16160,1090,7436,680,14644,116640,3115,2094,1365,3079,2386,2966,1257,8130,1052,2633,752,1880,2927,1020,3725,670,712,3388,1793,1592,3968,2288,6344,2103,1906,2175,1499,3235,3562,444,179,3444,2031,771,2979,5760,3019,7102,1052,1936,1396,1326,952,5927,1726,483,2497,46910,6122,3926,528,2294,2168,3274,822,6663,985,434,3445,6202,1503,4727,3818,50308,5064,501,446,1792,2465,1183,803,790,717,1930,2090,1104,1466,4457,2441,2227,6284,14546,115772,811,1717,11437,685,8852,2578,2231,10861,9203,5975,7654,2656,6678,3375,14409,26650,164099,20775,14860,6436,8406,19191,2044,8366,2528,2443,14691,1154,1896,3147,2364,13035,6026,36736,75689,2611,709,1942,10075,8585,6196,371,8006,9615,8040,3811,4484,2019,9223,48452,9366,5639,13258,3005,3172,7363,5550,1100,160109,8311,13031,3096,17887,29010,4163,13250,5730,5617,25450,7515,17771,9277
R08201,Ibaraki_ken,Mito_shi,2.77,1039068,80585,24428,9800,19982,3648,2659,1369,4554,5356,1791,682,575,2366,3373,71321,5732,494,272,3023,893,4830,652,878,469,1581,1251,937,2000,986,4916,4470,214,990,480,701,360,3525,2474,2320,726,6549,1868,1411,3097,1631,717,3503,1074,2967,3324,79115,12325,30738,14971,1872,1940,4872,7435,2279,2682,55572,14872,1463,17665,1209,7414,586,12361,106738,2642,1588,1053,2849,2355,2641,893,5922,973,2467,571,1772,2518,812,3717,908,423,3270,1354,1604,3582,1858,7737,2147,1892,2045,1181,2740,4465,466,313,3445,1816,719,2741,4870,2887,6797,812,1633,1440,1077,583,5258,1360,375,2164,49747,5328,5188,676,2573,2560,3658,938,1214,1978,3823,5025,6153,2796,4231,3606,45871,4655,461,476,1649,2287,1133,799,696,651,1566,2146,1200,1314,4536,2475,1709,4791,13328,109981,1176,1254,9681,1270,7607,2618,2060,9886,9772,5632,6121,2581,6770,2751,12383,28420,154194,19684,14382,7138,7607,19411,2038,6690,2016,2560,12393,1173,1722,3432,2094,11776,5778,34301,74575,3759,1146,1490,11007,9749,5628,428,7725,7689,6605,2572,5397,1758,9623,40844,6398,5518,11727,2855,3233,6057,3987,1070,170527,8669,10094,2727,16013,29399,6135,19167,7301,5762,32593,8864,18292,5511
R09201,Tochigi_ken,Utsunomiya_shi,2.86,1104144,86277,25608,10398,21906,3801,2678,1493,4906,6014,2009,726,753,2007,3980,73335,7403,594,277,1772,550,4464,654,704,488,1673,1316,929,2335,1278,5353,4499,393,353,548,1242,315,3363,2188,2363,498,6847,1995,1621,2571,1944,736,3912,1153,3563,3442,88229,15878,32825,17085,1895,2490,5008,7566,2553,2928,51603,15293,688,14401,1385,7441,951,11445,112314,3037,1799,1169,3074,2780,2899,926,6614,1252,2380,764,1887,2685,973,4108,826,544,3499,1509,1594,3673,2031,8759,2267,1959,1919,1117,2946,5112,418,217,3037,1691,691,2969,5143,2460,6087,1313,1587,1507,1007,660,5541,1268,391,2225,45953,4933,5695,669,2456,3379,2744,912,1084,1348,857,5296,6087,2263,4380,3850,48604,4792,487,425,1613,2099,1013,775,891,763,1759,2675,1474,1312,4275,2592,1893,5105,14659,109191,1043,1037,10023,674,8824,2385,2208,11332,8072,6249,6953,2531,7305,2971,13596,23989,168313,22347,14982,6346,8152,21669,2966,8058,2362,2397,14050,1165,3192,3339,1931,12635,2254,40469,74029,3857,848,1654,11130,8466,4822,456,8694,8515,7124,2895,4458,1962,9148,42203,6428,5402,11308,3675,2995,6135,5111,1150,204092,10233,13592,3871,18682,32241,6613,22654,7157,6938,41081,10224,19874,10934
R10201,Gumma_ken,Maebashi_shi,2.83,1019513,94004,34083,9075,24000,4751,2115,1465,4757,5593,2079,587,576,1510,3412,66770,7129,501,269,1086,548,5265,693,482,495,1373,1291,902,1828,1150,5108,3959,534,336,643,710,288,2343,2570,1736,569,5621,1942,1714,2661,1741,750,3443,836,2961,3295,76288,10886,30074,14437,1865,2154,4336,7149,2269,3118,50555,14547,862,15687,1036,6765,648,11010,108047,2680,1824,1058,2863,2307,2245,860,5694,1217,2456,782,1571,2672,905,3597,749,443,3374,1431,1670,4260,1615,9043,2215,2272,1598,1398,2641,4957,369,142,3175,1905,550,2774,4950,2839,6383,700,1450,1311,1059,498,5675,1208,305,2357,41947,5874,4555,540,2153,2674,2849,432,918,1218,574,4222,5652,2240,4807,3236,45995,4447,571,505,1575,2229,895,733,705,772,1558,2621,1722,1410,4321,2381,1700,4706,13145,96160,660,1318,8303,744,7083,2292,1675,9050,6631,4700,5601,2244,6148,1935,11885,25889,158571,26759,17727,6226,7216,21212,2035,6043,1861,2477,13304,1285,2070,2580,1507,9928,1605,34736,72304,2753,604,1577,10792,8137,5597,406,7744,6989,8897,2838,4929,1949,9093,37961,4643,5361,10956,3012,2362,6206,4204,1217,170912,8331,9835,4607,13774,21368,4888,13133,7454,6778,49591,7524,16357,7271
R11100,Saitama_ken,Saitama_shi,2.97,1241015,98523,30963,11636,27220,4036,2453,1772,4746,5668,2200,901,569,1821,4536,73446,6598,936,358,1758,528,5302,863,736,774,2535,1301,1286,2665,1429,6618,3904,508,355,528,854,402,2934,2131,1749,683,6020,1939,1717,2876,1934,830,3439,672,3186,3101,97196,16588,37069,19412,3320,2560,4741,7547,2734,3226,58813,16830,1140,17175,1341,8576,995,12757,128194,3134,2277,1356,4102,2880,3345,945,8308,1236,3313,783,2013,3401,968,4791,1237,789,3677,2173,2113,4262,2605,10445,2864,2150,1880,1359,3241,6738,387,285,3504,1825,652,3153,5522,2909,5597,1002,1623,1647,884,593,5667,1200,342,3017,47768,4947,4081,646,2656,1576,3362,848,1235,1619,1198,4927,6189,3293,6606,4585,52410,4960,589,496,1694,2435,886,793,696,801,1555,2737,1528,1480,4843,3013,1838,5310,16756,119010,865,1081,10828,961,9539,2679,2156,12475,8254,6951,7188,2880,8393,3082,13886,27794,182878,23640,14727,8299,9136,25021,2640,8738,2189,2566,13402,1586,2412,3772,1761,13550,5583,43855,75557,2942,1283,1963,10316,9147,6440,515,8277,8840,6058,3109,6031,1362,9273,48837,6399,4369,13624,3238,5833,7912,5771,1692,258383,9451,11134,4955,18227,29234,5747,15924,11517,7710,86834,13941,33081,10626
R12100,Chiba_ken,Chiba_shi,2.78,1188666,93215,30547,11055,24404,3614,2249,1676,4549,5607,2160,893,728,1702,4031,80506,7718,1131,548,1742,672,5686,843,714,861,2873,1544,1019,3159,1727,6955,4090,526,300,943,1047,615,2440,1997,1820,1048,6608,2115,1768,3419,2206,869,3553,970,3377,3603,99086,20470,35688,19204,2885,2130,5273,7543,2828,3067,56873,16535,1072,15816,1611,8144,833,12862,124613,3089,2284,1515,3902,3063,3033,983,8149,1322,3256,883,1971,2859,960,4639,1133,851,3871,2225,2090,3954,2733,9625,2702,2231,1748,1275,2672,6306,308,452,3537,1704,733,3155,5235,2851,5189,1059,1602,1365,1166,711,6135,1148,337,2602,51604,5580,4767,821,2555,3610,4449,1308,1309,2145,1202,3861,5964,3118,6369,4544,50047,4983,607,431,1688,2168,1042,674,720,828,1553,2434,1669,1463,4155,3186,1601,5057,15788,113010,1286,837,10407,1168,8678,2876,2137,11911,7810,5888,6100,2385,8300,2451,12206,28572,176338,22312,15939,6834,8646,22853,2686,7578,2128,2513,12456,1441,2076,3123,1643,13477,4810,45821,72507,3648,1097,1602,10186,8916,5501,464,7388,7654,5802,2859,5949,1720,9722,44575,5428,5108,11537,3496,5702,7101,5105,1099,226294,7493,10098,4041,18569,27322,6422,16466,8819,6562,78795,12899,20660,8147
R13100,Tokyo_to,Ku_areas_of_Tokyo,2.91,1286105,92765,27080,11806,25932,3656,2383,1924,4964,5075,2098,999,549,1951,4351,84278,8158,1004,437,1772,693,5788,703,738,1066,2945,1702,1351,2958,1273,8348,4766,572,429,924,1250,482,2511,2438,2194,830,6995,2268,1607,3146,2082,913,3792,854,3400,3888,108001,23918,38126,20516,3389,2794,5641,7395,2783,3440,58506,16443,1307,15990,1800,9446,1071,12450,133150,3369,2296,1466,4321,3367,3200,977,9679,1299,3174,964,2064,3031,954,4586,1173,941,4436,2839,2093,4170,2780,10831,3049,2057,1872,1272,3195,7083,364,392,3753,1746,765,3316,5455,3079,5102,859,1702,1791,1172,678,6022,1184,368,2863,50856,4760,4753,749,2838,1944,4059,1253,1258,1940,1009,4597,5933,3029,7590,5144,52712,5304,555,464,1652,2383,887,744,728,849,1473,2388,1807,1379,4622,3120,1791,5263,17303,114558,1165,721,10712,1092,8897,2592,2017,12889,7948,6911,6309,2582,7773,2564,12995,27389,189271,25742,16603,6932,10151,24262,3126,8707,2115,2556,13474,1705,2110,3551,1720,11019,4131,51367,73466,3444,1618,1893,9319,9679,5816,451,8017,7941,5963,2924,5555,1321,9525,51867,6229,5451,14352,3776,7460,6520,5768,2311,276675,8166,9364,4543,18603,31418,8005,19627,9181,7081,106115,16270,36241,2059
R14100,Kanagawa_ken,Yokohama_shi,2.85,1186333,91623,29840,11844,23438,3254,2394,1784,4791,4719,2058,1049,642,1791,4018,81028,7710,1250,392,1584,691,5271,655,600,1150,3294,1595,1199,2995,1445,6822,4286,426,336,783,1323,546,2655,2122,2119,1004,6938,2273,1721,3492,2007,869,3454,999,3221,3801,104257,22824,36426,19850,3707,2493,5650,7349,2789,3170,56348,16755,736,14544,1771,8772,1121,12650,129752,3440,2264,1495,4209,3369,3281,1013,8817,1288,3505,914,1956,3056,1050,4912,1246,945,4112,2730,2200,4450,2809,9821,3130,2057,1807,1281,2897,6507,342,414,3541,1730,652,3220,5351,2822,4785,886,1591,1799,1281,649,5891,1203,406,2631,47217,4555,4367,715,2387,1554,3446,1177,1082,1640,1154,4572,6033,2978,6631,4927,51630,5250,595,526,1662,2115,1082,824,786,789,1625,2518,1828,1447,4545,2887,1654,4755,16744,111625,889,644,10136,861,8834,2288,2106,12109,8292,6307,6129,2360,7853,2403,12260,28152,171515,21713,15626,6528,8070,22196,2920,7481,2357,2231,12508,2849,1762,3690,1329,11706,4266,44282,68858,4117,1563,1915,8666,9110,4453,446,8148,7676,5466,2378,4832,1432,8657,46045,5619,4507,12462,3439,5436,7141,5155,2286,226437,6981,8335,3787,17152,30286,8523,19902,8282,6477,73578,12765,21737,8631
R15100,Niigata_ken,Niigata_shi,3.03,1087353,99111,33619,11101,24613,3148,2843,1592,5620,7647,2565,621,601,2212,2929,75662,3845,552,353,1156,1290,6296,535,703,448,2687,1994,881,2880,1826,5066,4051,435,379,644,1147,457,5104,2953,971,259,6730,2099,1752,3216,1610,594,4745,460,3843,3701,87831,10176,38131,16281,1540,2257,4417,8334,2977,3716,55277,16020,595,15576,1405,7699,696,13286,129182,3377,2515,1441,3507,2510,3297,1244,7887,1431,3481,1374,2011,3122,1084,4299,1569,1009,3140,5688,1934,4063,2931,9570,2394,2016,1957,1722,3254,5787,398,524,3042,1613,763,3365,5156,3574,5420,772,1959,1098,1198,521,5713,1392,324,2735,46927,4922,5421,649,2454,3715,2993,613,1464,2322,973,4711,6241,2462,4356,3631,52478,5046,696,597,1809,2731,1287,795,737,827,1920,2130,1320,1895,4384,2885,2335,5710,15374,104363,953,917,9456,607,7901,2788,1880,11143,7177,5701,7202,2603,6969,2483,12999,23585,166179,15827,16069,6931,7131,20620,2010,9138,2689,3027,17767,1069,1700,2798,1646,14001,4792,38962,64925,2733,697,1469,9010,8006,5997,447,6892,8043,6136,2297,3562,1728,7907,56548,7344,5193,15192,3745,4414,12248,7146,1267,148870,6863,16863,4008,15079,20230,4185,8676,5415,5803,28012,7870,15894,9972
R16201,Toyama_ken,Toyama_shi,2.92,1174002,97001,30109,12520,23101,3824,3180,1433,5682,6531,2699,527,575,3026,3794,88432,4769,1463,700,1269,1025,5490,1095,706,593,6836,3552,1097,3566,1593,7475,4723,265,492,582,761,586,3325,2047,1401,399,6282,2247,1583,5831,1825,636,7213,974,2380,3650,96397,19612,34678,16219,3662,2573,4528,8713,3017,3397,54442,16933,676,15368,1140,7105,699,12521,126799,3407,2660,1639,3687,2700,3170,974,7211,1522,3307,1309,1807,3026,1079,3964,1107,936,3685,1563,2056,4107,2924,10183,2292,2467,1958,1737,3347,3684,554,495,2956,1218,1587,3417,5964,4139,6110,876,1626,1405,1562,798,5307,1992,364,2923,48547,4556,5140,1118,2657,4322,3795,789,816,2118,787,3391,7000,2697,4766,4596,49933,4597,691,468,1751,2276,1139,654,764,740,1671,2179,1349,1608,4450,2916,2525,5663,14491,111391,1054,1221,12636,1224,7737,2730,2038,12614,8997,6938,7271,2960,7976,2951,13016,20027,174441,13780,17800,5951,7070,20653,2290,9002,3473,3334,17428,933,1767,3118,1600,14241,9590,42411,72954,2113,732,1802,10617,8589,7199,530,8358,8447,5219,2915,3968,1905,10561,51381,6691,5911,14682,2572,3764,10014,6477,1270,202283,8650,13507,3302,21750,36419,6538,16787,11294,7103,30494,9666,25390,11384
R17201,Ishikawa_ken,Kanazawa_shi,3.04,1068686,92673,28099,11794,24442,3976,1950,1541,5469,5411,2394,603,598,2672,3727,71964,3231,1330,696,1026,1284,4271,1018,545,969,4977,2008,1169,2861,2758,7408,3735,255,385,584,628,495,2938,1688,1073,199,5121,1920,1968,3007,1387,587,4047,881,2434,3080,96089,19598,33622,18129,4183,2400,4759,7888,2555,2956,49473,14057,624,13046,1462,7477,819,11987,113251,2911,2263,1564,3574,2609,2846,1005,6670,1318,3114,680,1814,2933,897,3963,1624,678,3213,1398,1885,3636,2414,8441,2122,2180,1606,1487,2924,3714,435,223,3219,1175,972,3172,5214,4296,5078,827,1377,1017,1285,706,4630,1411,359,2370,41035,4531,4185,696,1862,2339,3548,643,1004,1786,458,3093,6111,2691,4604,3483,48874,4902,621,534,1814,1914,1072,560,680,819,1843,1919,1304,1624,3897,2606,2253,5929,14584,116178,711,1537,15395,842,7813,2311,2156,13733,7447,5970,8299,3001,7617,3118,13889,22341,155312,12694,17716,5816,6872,19150,2646,5450,2708,2709,13849,816,1670,3185,1483,11829,8008,38709,63648,2498,738,1594,8474,9096,4945,457,6289,7721,6052,2544,3006,1707,8526,42807,7122,3976,11377,2470,3561,8173,4836,1291,177381,7726,9974,2372,22406,31229,5063,14124,9576,5421,32293,9789,13411,13994
R18201,Fukui_ken,Fukui_shi,2.93,1030482,95688,34718,9334,24631,4185,2700,1288,4544,5021,2269,391,508,3057,3043,69629,2459,806,528,1043,1401,4450,817,306,540,4193,1815,1102,2285,4103,5419,5718,283,275,450,499,433,2165,2016,1556,253,5548,2161,2023,3076,1874,820,2834,713,2190,3476,94531,23176,28122,17016,3498,3226,4751,8167,2228,4349,48748,14592,554,13229,1183,5612,667,12910,110847,2666,2332,1419,3096,2144,2460,937,5686,1338,3179,1568,1823,2568,700,3804,896,597,3081,1177,1429,3598,2261,9043,1828,2168,1775,1573,2254,2896,439,289,2847,1572,1285,2863,5232,5855,4748,947,1660,1408,1055,549,5242,2027,387,2143,39455,3983,5272,540,2138,2123,2969,874,636,1734,849,2776,5949,2487,3650,3477,43533,4252,608,449,1630,1948,1063,754,741,775,1812,1880,935,1572,3441,2183,2561,4940,11987,103472,1449,598,12484,927,6292,1933,1758,9690,8317,5568,7379,2760,6850,2550,12058,22860,160946,14031,16786,5633,6059,15795,1780,5805,3519,4282,18276,898,2009,3551,1833,9878,4708,46101,58663,2426,495,1403,7926,7285,6671,331,6374,6619,4869,2483,3377,1389,7014,41814,5923,5789,12079,1638,2176,7399,6066,744,163156,7558,9153,1974,17729,26764,4306,12402,9307,4630,36235,8200,14516,10383
R19201,Yamanashi_ken,Kofu_shi,2.79,1024756,87599,29753,9410,21334,4192,2134,1558,5093,5812,1841,598,527,1716,3631,76315,8279,862,212,909,542,4743,787,680,427,1710,1612,757,2510,1506,4952,2486,698,512,473,1066,279,4121,2154,2284,1084,6650,2550,2043,2941,1599,779,4909,1039,3515,4646,90558,14882,35178,16780,2713,2994,4224,8039,2485,3262,51654,13556,1490,14736,1216,7104,799,12754,109821,3086,2103,1227,3374,2872,2869,933,6596,1046,2784,757,1827,2734,830,3797,1145,548,3518,1406,1770,4078,1698,7416,2166,1909,1874,1260,2475,5422,385,233,2849,1617,528,3013,4514,2501,5373,964,1436,1262,1238,890,5243,1350,374,2532,43128,4024,4396,588,2315,839,6577,622,2407,1212,492,3055,5783,2069,4798,3950,47709,4622,686,416,1474,2072,1014,797,726,763,1640,2545,1309,1417,3981,2466,2023,5211,14547,96529,543,560,9071,717,6430,2607,2065,9708,5849,5255,7197,2513,6160,2589,12462,22803,158078,17402,16088,6507,5508,21088,2419,7331,2198,3013,13976,1339,1991,3408,2008,10602,1807,41392,62343,2966,749,1588,9121,7040,5031,440,6857,7484,4605,2990,3525,1594,8352,42138,6024,5832,10139,3320,3979,6271,5470,1103,158884,6704,7853,3236,14168,23453,4179,11101,5726,6238,42789,10264,13491,9683
R20201,Nagano_ken,Nagano_shi,2.80,1080024,92120,30953,9985,22048,4865,2893,1632,5175,5629,1795,868,1025,1845,3406,78106,5361,499,309,1059,1005,5092,845,729,647,2067,1855,1047,2919,1500,5284,4641,435,257,454,936,274,4541,2480,1778,668,7244,1872,2410,3273,1531,810,5331,1556,3982,3415,85265,12328,34547,15242,2133,2490,4661,8040,2684,3141,53278,16614,464,13368,1295,8496,680,12362,117120,3267,1855,1271,2638,2294,3044,854,8115,1072,2436,690,1973,2827,916,3504,1328,955,3734,1694,1832,3856,2030,7668,2353,1753,2363,1792,3346,4959,536,241,2839,2295,696,3596,5284,2827,6384,1112,1739,1508,1257,460,5496,1722,437,2270,49732,8220,4447,383,2601,1166,5013,650,3094,2138,781,3328,5357,2204,5437,4915,53318,5636,688,485,1734,3133,1520,897,701,731,1798,2532,1528,1633,4200,2691,2025,5300,16086,102329,1284,688,9885,540,7084,2117,1678,8985,7419,4778,5885,2745,7417,2192,12617,27016,150296,16989,16388,5836,7860,21213,2485,5626,1976,2156,12518,1248,1834,3113,1127,12829,1250,35846,62575,3264,644,1393,8117,9232,5445,390,6724,6638,4714,2323,3640,1126,8925,47349,7350,4125,15800,3078,3744,7423,4513,1317,188537,8705,10683,2802,17735,23075,3956,12316,8467,5192,53687,8971,20650,12297
R21201,Gifu_ken,Gifu_shi,2.94,1044449,91824,31656,11821,21615,3706,1939,1507,4591,5381,2574,641,745,2278,3370,69284,5151,725,365,1186,723,5579,950,646,790,2905,1638,1217,3301,2012,4449,3329,372,246,602,862,309,2131,1431,1623,538,6173,1826,2156,2803,2006,1107,2556,1352,3173,3052,95708,21490,31066,17969,3768,2722,5233,7986,2390,3086,52233,13859,244,14355,1356,6919,671,14829,111574,3011,2217,1377,3911,2531,2714,968,6213,1387,3214,1061,1805,2745,1018,4298,1124,504,3093,2173,1750,3452,2291,8646,2283,2134,1704,1609,2458,3484,460,499,3407,1305,567,3263,5337,2933,4772,838,1485,1238,1264,500,4624,1434,390,2086,41623,5136,4207,642,1805,1427,3401,1739,954,1340,759,3542,6767,2285,4390,3229,49398,5015,751,453,1966,1917,1216,713,761,900,1830,2285,1490,1425,4260,2552,2208,5475,14180,102586,416,1082,12949,830,7289,2431,2005,11430,7998,5778,7826,2675,7070,2467,11252,19087,136300,13702,14892,5543,5447,18080,2326,5394,2629,2226,12982,931,1964,2135,1495,9626,3781,33147,63750,2264,696,1669,8876,7954,6201,502,6825,6335,6118,2819,3799,1514,8179,37356,4036,4633,9440,3797,3152,6419,4539,1338,192814,9650,8512,2898,19943,42533,8558,17377,9578,6173,30698,14663,9737,12493
R22100,Shizuoka_ken,Shizuoka_shi,2.85,1106190,94386,35031,10351,22069,3542,2323,1550,5179,5288,2089,834,645,1761,3723,76028,10785,982,331,1834,462,4560,793,504,387,1479,1627,885,3194,2135,4216,3338,416,331,598,937,332,2448,1645,3066,1015,5526,2392,1924,2808,2656,1061,3187,1835,3229,3112,93062,15223,35331,18286,2658,2679,4503,8102,2889,3392,50556,13651,1199,14080,1467,7153,775,12230,116296,3339,2111,1390,4246,3161,3010,984,6535,1232,3356,892,1917,2826,866,4386,1462,620,3087,1871,1855,3441,2157,8710,2472,2083,2048,1348,2381,4293,389,350,3371,1663,758,2867,5809,2880,5093,943,1677,1158,1183,808,4897,1286,380,2707,41729,4290,5724,407,2336,996,3539,841,1362,1473,857,4004,6272,2055,3955,3619,47906,4709,594,467,1598,2294,1059,663,839,763,1473,2290,1458,1547,4115,3015,2017,4756,14250,106282,841,963,10466,856,7404,2598,1846,11985,7006,6914,7371,2782,6140,2564,12789,23756,173259,24018,17778,6915,7182,21450,3388,7547,2627,2488,15165,1346,2007,3535,2356,12122,5518,37814,64082,7697,722,1275,7393,6414,4613,305,6723,6670,6506,2159,4397,1566,7640,41910,4063,5401,12582,3154,3858,6412,4891,1550,200695,11718,9932,4586,20969,37622,6982,17590,9237,6312,33842,9982,22103,9820
R23100,Aichi_ken,Nagoya_shi,2.98,1162432,99555,32884,11807,25222,4599,2282,1638,5180,5317,2451,817,594,2025,4739,73533,6933,856,347,1394,582,4862,864,580,875,2914,1748,1032,3215,1520,7270,4037,438,266,834,737,380,1814,1469,1631,530,6135,1882,2213,2760,2213,852,2750,1167,3027,3407,103512,24359,34492,19193,3608,2328,5215,8579,2456,3283,58368,18103,1858,15512,1476,7024,897,13497,118845,3232,2054,1473,4180,2927,2823,964,7220,1359,3081,1153,1809,2926,943,4302,1094,648,3460,1912,2105,3469,2404,9583,2685,2115,1723,1502,2533,5923,457,415,3436,1445,617,3264,5859,2758,4457,977,1652,1262,1264,551,4899,1210,455,2262,46583,4440,4738,734,2084,1699,4466,1078,1047,1852,964,4169,6492,2801,6348,3671,49293,5158,725,384,1747,2102,1142,614,828,875,1673,1963,1256,1372,4288,2967,2036,5517,14645,109747,848,1276,12482,1085,7836,2411,1867,10941,8100,6281,7219,2652,7315,2686,11406,25341,155552,16247,15964,6533,6346,21277,2780,5392,2382,2244,12072,1166,2200,2120,1698,9762,5296,42074,62797,2766,1089,2064,8181,8462,5400,392,7393,6363,5200,2278,4108,1353,7747,41396,5361,4698,11242,3289,3993,6310,5250,1253,243252,9753,10310,4355,21079,39124,8551,19733,11329,7477,67916,16431,17983,9212
R24201,Mie_ken,Tsu_shi,2.87,1036712,88496,27425,10231,24412,3805,2044,1359,4524,5035,2544,738,849,1856,3674,77031,5925,879,519,1945,529,4892,837,648,801,3499,1531,1283,3387,2711,7583,4863,272,112,657,856,385,1950,1174,1495,504,6873,2382,2197,2993,2270,1029,2153,1347,3283,3268,105460,29498,31147,19578,3766,2474,4708,8867,2394,3029,53458,16162,770,14790,1354,6123,728,13530,99895,2648,1531,1368,3311,2376,2085,947,5455,1069,2588,573,1586,2592,952,3638,935,434,3145,1184,1570,2719,1914,6588,1955,1952,1842,1438,2179,4680,226,341,3297,1308,700,2944,4987,3223,4212,1078,1595,1188,1101,468,4181,1116,389,2289,40217,4006,4647,269,1238,2889,4010,753,708,1092,567,3753,6124,2309,4230,3622,47513,4581,687,342,1887,1922,1250,887,813,792,1795,1931,1272,1410,3799,2586,1883,5161,14516,103939,730,871,11182,1222,7848,1900,1695,9602,8275,4509,6358,2571,6901,2405,11574,26296,145955,18886,15644,5130,5400,17310,2440,4676,2655,1830,11196,958,1721,1513,1745,10043,2553,42255,62041,3345,659,1690,8570,8350,5324,439,7097,5507,5505,2070,3621,1510,8352,32199,3874,4861,10210,1232,1796,4872,4618,736,180509,5411,6940,2616,15156,23148,4732,8322,8888,5909,72696,7547,11995,7148
R25201,Shiga_ken,Otsu_shi,2.80,1116246,95083,28281,11451,26398,4166,2089,1578,4243,5855,2715,704,625,2085,4894,71281,3326,783,332,1506,1443,5247,967,634,1111,3814,1561,1042,2744,1798,6863,3581,226,179,630,693,251,2599,1869,1858,436,7084,2389,2158,2388,1392,907,2556,1224,2580,3113,110829,30336,33444,20624,4485,3179,5140,8310,2351,2959,56010,17835,515,13966,1462,7664,800,13768,113297,2958,2079,1653,3758,2625,2606,943,6481,1570,2985,773,1755,2651,897,4711,1073,568,3467,1367,1675,2905,2447,8011,2681,2108,1909,1309,2434,5052,423,300,3276,1168,858,3248,5378,3541,4165,1110,1513,1403,1093,597,5446,1550,386,2391,40461,4630,4471,542,1971,1329,3169,982,1067,1496,678,3273,6462,2067,4512,3813,50158,4830,772,405,1715,2172,1054,701,1050,795,1819,2311,1620,1491,3947,2566,2156,5643,15112,112926,768,588,12109,662,7588,2085,1873,13062,7528,6339,7341,3386,7533,2951,13096,26018,160457,16843,17943,6182,6478,20586,2960,6340,3192,2677,13417,1130,2455,1925,1660,9929,6715,40023,64158,2452,919,1654,6643,10396,5921,488,7820,7790,4002,2751,3215,1951,8154,41963,5097,3796,12493,1723,3597,8963,5187,1107,199623,7630,8453,3035,14447,25845,7027,12058,10539,7883,64547,10891,18867,8400
R26100,Kyoto_fu,Kyoto_shi,2.74,1138149,96287,30173,12914,26433,4439,2196,1462,4389,4484,2629,673,696,1844,3956,78049,3659,999,463,1658,1517,5479,1294,676,1534,3559,2073,1283,3287,1946,8129,3990,357,258,772,801,356,2402,1685,2519,518,7456,2315,2036,2743,1350,978,2895,1448,2543,3070,118299,36081,34415,22282,4382,3132,5456,7316,2415,2819,56180,18947,574,12644,1976,7023,1059,13956,127646,3326,2518,1871,4397,3118,3119,1074,7975,1584,3280,734,2154,2939,1037,4891,1211,1203,3814,2126,1915,3398,2964,9105,2986,2175,1933,1266,2621,4532,499,302,3029,1344,1034,3648,5350,4309,3921,1421,1698,1587,1077,570,7974,1473,565,2581,46479,6001,4659,423,2473,1627,3934,1486,1356,1536,646,3924,6930,2773,5145,3566,50073,4951,716,394,1736,2323,1023,800,990,847,1756,2095,1782,1339,3761,2996,1545,5927,15091,110166,794,698,13113,1147,7666,2311,1971,13702,7634,6291,5789,2885,7327,2474,11867,24498,150347,14292,16848,5262,7650,19462,3683,5793,2793,2300,11677,1109,2314,1652,1584,9566,3423,40938,62053,3176,1123,1962,5633,10149,5427,349,6937,7166,4698,2545,3695,1259,7933,45859,5407,4439,14810,2728,4124,7498,4871,1980,196710,7216,7698,2688,17662,32358,8639,19706,7577,6023,49875,12758,19543,4967
R27100,Osaka_fu,Osaka_shi,2.96,1117222,98250,30691,12669,26529,4098,2161,1323,4286,6795,2842,562,587,1737,3971,75487,4371,942,260,1878,1167,4447,704,517,1484,3896,1896,1453,3761,2582,7641,3541,307,209,832,940,297,2704,1787,1559,271,6894,2860,2316,2640,1226,848,2165,1075,2484,3534,112426,29588,33517,21965,4582,4315,4820,7959,1961,3719,51927,15561,1072,13151,1508,6259,922,13454,112877,3043,1964,1948,4024,2604,2544,1104,6917,1407,3098,732,1865,2578,812,4555,1306,837,3270,1629,1672,3085,2244,8747,2634,1825,1791,1400,2264,5377,266,273,3117,1203,761,2794,4886,3291,3199,1101,1596,1577,1273,711,5255,1437,434,2426,41354,4519,4120,532,2252,1499,3872,1139,1151,1540,590,3419,5828,2487,4943,3464,48243,4137,745,366,1619,1831,884,534,982,830,1801,1951,1422,1461,4252,2524,1892,6271,14743,106542,494,546,10271,860,7608,2128,1802,13114,6875,5824,7755,2914,6984,2842,12499,24027,172880,17791,17661,6553,6769,24214,3074,7298,2685,2491,14782,1272,2261,2336,1775,12109,3416,46393,66169,2074,840,1618,7481,7869,6016,381,7570,8648,5809,3540,4442,1575,8306,47344,4689,4696,12039,2146,2882,11822,7861,1209,183722,6078,7408,2475,16839,34291,7535,12796,8729,7508,53027,10827,14988,1222
R28100,Hyogo_ken,Kobe_shi,2.69,1102623,97912,29562,14550,27417,4013,2274,1375,4424,4799,2294,986,665,1786,3766,79017,3358,1139,571,1704,1067,5189,880,675,1999,4016,1872,1532,3560,2749,8794,4172,237,270,1221,872,325,2158,1678,1381,303,7170,3040,2321,3126,1442,907,2257,1172,2758,3100,111061,32212,33189,21216,3939,3652,4898,6944,2364,2647,56432,18063,589,14166,1799,6974,747,14094,118579,3337,2054,1869,4039,2788,2587,1024,7600,1583,3152,703,1968,2760,974,4619,1360,757,3573,1964,1856,3485,2439,9222,2638,2178,1714,1292,2209,5271,568,432,3215,1407,863,3396,5394,3691,3491,1310,1725,1315,1097,540,4953,1249,535,2383,45153,5398,4529,617,2519,1666,3169,1263,1045,1463,543,3392,6992,3017,5334,4207,48641,4755,835,433,1758,1919,1175,689,1121,751,1617,2035,1582,1231,3860,2942,1476,5508,14956,99968,623,605,9959,949,6538,2247,1597,13127,6899,5408,5420,2708,7114,2031,10820,23924,157686,16123,17666,5486,6611,19447,3282,6694,2798,2052,12285,1057,1986,1823,1614,9239,5900,43623,63471,2423,1531,1829,6457,9641,4272,430,7223,6695,6121,2759,3968,1117,9002,44992,5437,5472,13851,3150,4041,6116,5215,1710,179711,6252,4810,2888,11642,23443,5644,12907,5929,4835,71574,10625,14157,5006
R29201,Nara_ken,Nara_shi,2.83,1125215,93912,28628,12998,24519,3800,2934,1428,4470,5177,2470,725,735,1894,4135,79719,3732,885,406,1834,1500,4929,971,790,1816,3977,1789,1416,3335,2426,6964,3882,276,236,837,940,158,3172,1807,2531,528,7479,2952,2388,2971,1486,1028,2930,1085,2999,3264,109541,32581,32878,20390,4249,2510,4803,7283,2530,2317,58722,19422,448,14238,1805,7237,937,14633,121080,3180,2445,1848,3735,2909,3274,900,7493,1635,3208,800,1914,3058,961,4913,1228,840,3546,1900,2123,3136,2332,8895,2713,2387,2062,1454,2505,3713,443,293,2681,1362,744,3140,5772,4164,4069,1428,1717,1535,1237,643,6267,1639,439,2402,48686,5735,4827,492,2706,1896,3387,1914,1547,1665,697,4844,6996,2892,4959,4129,49922,5200,819,420,1718,2177,1138,780,942,784,1661,2103,1786,1439,4185,2716,1738,5566,14748,113615,664,1058,13695,832,7251,2300,1802,12964,8567,6986,7013,3106,7894,2728,11777,24977,153016,14715,18982,5247,7781,21083,2929,5425,2744,1929,10652,1053,2067,1763,1351,11658,4798,38841,62853,2902,1192,2029,5835,9044,4994,402,7437,7037,6981,2389,3873,1458,7280,39109,6098,6296,9430,2168,3427,6057,4452,1180,195040,7453,7932,2733,17084,29117,6761,14147,7472,6943,64853,11668,12987,5890
R30201,Wakayama_ken,Wakayama_shi,2.70,992853,93043,32709,12050,24137,3522,1693,1190,4026,5657,2103,521,666,1673,3097,75147,4380,997,471,2204,695,4507,1160,809,1543,3725,1889,1271,3928,4661,7052,3467,169,194,629,661,223,1761,1186,3052,401,6738,2817,2014,2933,1250,937,1602,831,2378,2613,109373,34171,32135,19891,3591,3685,4475,7049,2031,2345,46902,15229,692,10109,1302,4458,706,14405,97131,2565,1797,1764,3427,2259,2276,938,5396,1417,2758,712,1549,2338,691,3988,851,520,2684,1678,1478,3021,1966,7077,2045,1695,1524,1296,1900,3035,409,406,2866,947,908,2556,4545,2510,2468,1008,1302,3048,938,455,4215,1524,480,1901,40046,3671,6494,315,1780,1348,3158,1214,2576,1473,460,2840,6446,1573,3893,2804,43628,4093,760,340,1825,1632,1098,703,878,833,1784,1772,1280,1297,3182,2149,1720,5621,12660,89629,444,877,8264,719,6799,1869,1794,9661,5243,4168,5230,2179,5931,1770,11498,23180,145184,18170,17573,5135,5491,18164,3566,5400,2431,2104,12783,968,1942,2698,1830,9092,2964,34873,63158,2179,825,1565,6375,8214,6046,283,7483,6087,8072,2303,4517,1567,7643,39302,5181,4378,11645,1752,1589,7881,5876,1000,150311,5031,6005,2101,14729,22473,5015,7334,7070,5324,54148,8563,11799,720
R31201,Tottori_ken,Tottori_shi,3.01,1010229,80879,20994,11699,21154,3631,2039,1335,4215,6199,3493,430,720,1575,3396,72910,1853,1113,948,1638,2685,4627,1064,574,593,2845,2590,758,3152,4980,5304,2377,275,684,737,718,265,2569,1761,906,286,8378,2630,3668,2479,2353,577,1869,771,2221,2662,96555,19491,32062,19827,4603,2948,4029,8611,2437,2546,54348,18146,404,12967,1090,5887,593,15262,99700,3471,1913,1613,3210,2689,2674,1372,5690,1024,2704,506,1630,2751,905,3706,449,320,2956,1172,1062,3002,1907,6620,2109,1882,2044,1715,2013,3066,366,177,2654,1552,541,2710,5822,3128,3842,1006,1656,1004,1256,1292,2962,1213,398,1947,42952,4612,3492,780,1368,7465,3091,1003,536,2168,1153,2624,6986,1655,3019,3000,49331,4455,819,396,1877,1844,1629,649,952,846,1971,1956,1221,1847,4150,2550,2090,6064,14013,108160,577,2241,10876,601,8803,2637,1888,9774,6857,6750,8491,2755,7428,2744,13193,22545,136568,18118,15467,5732,6280,16039,2148,4895,2357,1848,13769,646,1568,2097,1228,13168,960,30247,61615,1604,492,1603,6029,8773,6746,465,6527,7820,5663,3582,2766,1674,7871,47029,5544,5640,13893,2191,2383,11421,4635,1321,160182,5776,6701,1475,16088,26525,4517,9105,8140,5767,39577,7997,15720,12794
R32201,Shimane_ken,Matsue_shi,2.93,1034237,87335,25084,12415,20839,4224,2688,1569,5013,5568,2871,485,713,1948,3918,73285,1740,2191,876,1421,1589,5065,1366,758,914,3951,2478,919,2870,1408,6685,2697,259,2187,492,589,667,2215,1274,968,654,8007,2672,1940,3412,1520,841,2012,600,2950,3097,99556,19130,32852,21415,4258,3589,4411,7811,2483,3608,53286,17152,937,13894,1324,5957,711,13310,110201,3830,2187,1758,3783,2691,2505,1302,5977,1282,2855,805,1756,3049,1024,4353,708,421,3011,1227,1714,3590,2181,7760,2431,2123,2190,1513,2098,3530,599,352,3233,1613,753,3007,5730,3166,3881,1079,1742,1411,1148,654,4289,1204,343,2338,43743,5234,3853,673,2218,3852,3627,1099,562,1678,1298,3410,6965,2000,3922,3354,51042,4992,784,424,2058,2165,1360,752,878,777,1856,2700,1375,1545,3913,2614,2223,6081,14545,98632,646,878,10707,602,6812,2186,1809,9123,5717,5767,7632,3133,6764,2620,11791,22444,148089,16486,16756,6690,6095,16860,3552,5108,2594,1914,14026,810,1850,2279,1629,11189,4410,35842,61037,3014,599,1976,6459,9294,5063,499,6141,8465,4675,3090,3481,1287,6995,48174,5847,7468,12696,1886,2464,10069,6384,1359,159856,7331,8332,3093,15094,23617,2846,9122,9103,6359,38597,7776,17029,11558
R33100,Okayama_ken,Okayama_shi,3.02,1072758,87967,23558,11096,26297,3641,1787,1542,4681,6164,2498,528,617,1762,3798,66292,1977,1056,384,1497,944,5192,912,633,1421,3759,1642,999,3021,1031,7582,2994,299,292,1166,941,229,2511,1216,1097,233,6388,2030,2183,2594,1326,780,1757,601,2165,3442,105925,22816,35627,22176,5171,3759,3927,7274,2466,2708,55637,18042,510,14691,1440,6819,911,13225,103601,3558,1807,1730,3660,2422,2548,1146,5786,1398,2959,392,1627,3027,1085,4452,913,312,2540,1046,1492,3001,1713,7558,2112,1680,1965,1612,2171,4448,239,218,3295,1198,588,2809,5276,2986,4207,926,1476,957,989,682,3993,1091,342,2169,42048,3801,3948,417,1858,1233,4956,576,3565,1572,682,3254,6211,2090,4326,3559,47736,4202,656,406,1755,1803,1104,637,1085,824,1642,2118,1479,1530,4133,2541,2173,5534,14111,111947,692,1726,9836,938,8526,2476,1963,12938,5681,6472,8344,2602,7271,2915,12687,26881,153278,19350,14842,6430,6938,21247,1914,5678,2170,2171,13221,891,1936,2829,1523,9874,3686,38575,67577,1833,1135,1835,8065,8735,5760,478,7556,7489,5474,3637,4174,1855,9549,41488,4422,7455,10087,1365,2049,8352,6676,1083,189262,9490,8174,3562,14554,23681,4938,10710,12124,6605,57668,11477,13689,12590
R34100,Hiroshima_ken,Hiroshima_shi,2.85,1098750,92795,27091,12085,25995,3547,2485,1534,4618,5702,2755,598,757,1696,3930,68526,2231,1337,454,1375,988,5019,723,508,1557,3086,1848,1253,3282,1196,6599,4219,391,193,2112,812,456,1983,1473,720,202,6042,2523,1938,2857,1516,781,1755,484,2907,3707,112295,29372,34381,20898,4583,4303,5079,8063,2287,3328,54369,16470,806,14174,1631,6497,862,13929,103567,3434,1766,1710,3685,2573,2535,1027,6518,1266,3037,667,1594,2663,895,4238,1127,493,2798,1356,1420,3319,1796,7092,2062,1784,1977,1362,1951,3860,452,317,2993,1025,509,2736,5156,2628,3723,1080,1594,1335,1202,675,4359,987,266,2524,40644,5011,4047,495,2296,1179,3529,781,830,1422,637,3376,6204,2280,4668,3889,49232,4929,743,425,1870,2101,1024,854,1287,776,1750,2242,1379,1458,4495,2195,1862,5710,14130,103432,450,800,10264,773,8489,2482,1795,11167,5131,6076,7115,2695,7407,2808,11760,24216,170879,22454,16892,7046,7778,25042,2183,6342,2324,2095,14466,785,1731,2715,1266,11307,7055,39399,66365,1951,998,1985,7417,9549,5665,439,7351,8047,5093,3322,4633,1613,8301,52754,4841,5894,16098,2451,4132,12089,5542,1707,183892,8507,7941,2933,15226,27513,4573,10517,9404,6985,53277,9541,18879,8596
R35203,Yamaguchi_ken,Yamaguchi_shi,2.77,1022957,82184,23196,11069,22276,3727,1937,1265,3715,5771,2915,549,686,1446,3632,70748,1479,2228,587,1263,1187,4729,1036,559,1755,3928,1891,946,3066,1235,6584,4179,365,312,481,834,376,1902,2087,894,508,7213,2532,2583,3965,1566,696,1580,471,2659,3068,106667,28350,30888,21577,4278,3586,4494,8099,2470,2925,52581,16585,494,13897,1369,6092,732,13411,101614,2945,1744,1574,3525,2531,1999,964,5324,1199,2856,707,1564,2867,1200,4027,1004,418,2560,1059,1723,3228,2057,7201,1938,2224,2178,1486,1883,2785,363,267,3474,1311,794,3148,5148,2788,4199,722,1561,1291,1217,903,3878,1118,638,2023,38446,4848,3234,497,1990,2530,3536,624,568,1228,764,3470,6340,2240,3104,3475,48646,5237,697,460,2106,2386,1323,797,935,805,1777,1839,1306,1483,4102,2342,2597,5452,13003,107009,437,1537,12797,812,7324,2409,2032,11129,6495,6536,7849,2738,7831,3325,13079,20680,149412,21700,14232,6364,8025,19858,1677,5726,1945,1956,13897,710,1669,2238,1676,11758,3613,32366,66056,2278,732,1926,7530,8468,6528,414,7063,8739,5070,3098,3609,2554,8046,48251,5094,8054,12531,2895,2099,10422,6064,1091,151341,9162,5839,2688,14185,31655,3662,11973,10018,5580,23450,7412,13230,12487
R36201,Tokushima_ken,Tokushima_shi,2.88,1031270,88006,25559,10766,25557,3636,2774,1272,3350,5738,2388,558,691,1451,4265,67843,3965,843,276,2251,477,4740,663,468,1330,4124,1542,1011,2693,899,5575,3483,294,400,532,638,157,2507,857,862,259,7598,2991,3150,2750,1468,1051,1964,637,2480,2908,98765,24952,30267,20258,4414,2823,4120,7065,2153,2713,52133,16515,1835,13441,1353,5778,826,12385,103460,3010,1684,1819,3107,2369,2271,1095,5288,2564,2745,449,1549,2541,663,3961,942,480,2446,1309,1498,3183,1881,7377,2081,2236,1891,1473,1993,4219,525,381,4291,1851,692,2548,6317,2664,3282,959,1420,1238,1318,723,3464,1036,390,2236,41384,5129,4314,431,3387,1808,3566,714,951,1348,646,3291,5448,2128,4617,3606,45853,4590,546,378,1662,2280,1149,809,935,744,1674,1891,1137,1516,3681,2632,1758,5490,12979,103151,590,1056,11038,912,7531,1824,1849,11246,6405,5814,6882,2709,6827,2829,12170,23469,147017,16001,15833,5914,6959,18954,2538,5214,2252,2428,14321,638,1581,2983,1290,10748,2233,37128,66082,1868,652,1499,7745,8711,5282,376,7182,8208,4452,3724,5720,2187,8474,39123,3952,4775,10977,2165,1917,9496,4900,940,178455,8752,6551,2495,16682,29552,4825,12742,8396,8098,43505,9272,15311,12274
R37201,Kagawa_ken,Takamatsu_shi,2.79,1045028,89369,23247,12410,23881,6472,3902,1446,4149,5265,2582,406,699,1543,3367,69103,2026,1338,375,2212,982,4954,989,736,1382,4162,1643,1163,3105,1553,5507,3103,411,273,1336,687,209,1698,1503,975,218,6629,4274,2383,3013,1475,849,1857,730,2472,2880,99231,24171,30761,19424,4327,3768,4892,6990,2279,2618,51275,16274,818,13438,1232,5878,901,12735,99300,2834,1824,1728,3089,2562,2171,989,5525,1175,2831,482,1506,2734,937,3836,894,480,2464,1157,1610,3160,1926,6575,2055,1971,2037,1275,1954,3109,389,201,2592,1442,626,2738,5872,3564,3468,1082,1557,1252,1049,543,3883,1147,435,2571,42273,4550,4853,478,2262,1977,4052,1112,1913,1603,668,3454,6288,1979,3769,3315,48766,4682,718,419,1965,1957,1411,849,1013,765,1624,2183,1290,1586,4067,2590,1870,5926,13853,104142,651,1740,11662,991,7517,2244,1662,11441,7078,5912,8130,2664,6443,2533,12115,21359,149144,16149,15746,6016,7508,18966,2392,6004,2521,2255,14345,748,1682,1953,1487,9944,6874,34554,68282,2159,858,1670,7642,8081,6762,396,7666,8667,4944,2992,5673,1920,8853,41817,5052,5422,11865,2424,2297,7864,5582,1311,182327,17704,7572,3371,16373,37655,5738,17672,11466,6526,25691,10184,14820,7555
R38201,Ehime_ken,Matsuyama_shi,2.85,940291,85315,24613,9715,25111,3627,2158,1637,4327,5344,2560,522,681,1589,3433,64743,1777,1458,495,2146,516,4933,805,660,1780,2787,1514,906,3244,1393,6363,2926,352,158,625,695,243,1516,1035,916,254,7115,3342,2972,3140,1469,854,890,483,2156,2823,101360,26559,32774,18221,4338,2968,4063,7756,1898,2783,46793,14616,628,11918,1131,4788,555,13158,96971,3266,1652,1664,3007,2474,2228,999,5185,1166,2672,777,1513,2772,1189,3639,1139,460,2774,1155,1588,3104,1693,6848,1787,1798,2020,1482,1670,4242,336,304,2697,1130,489,2556,5466,2672,3847,865,1616,1030,1001,442,3305,868,360,2024,38078,4508,4201,154,4343,1303,3246,813,735,1304,582,2853,5962,1853,3508,2716,45603,4486,634,416,1808,1885,1214,733,1082,749,1811,2003,1124,1592,3356,2339,2106,5486,12778,97227,791,634,10086,627,6780,2313,1532,10144,4903,4589,6399,2309,6154,2271,11377,26319,129151,15568,15897,5078,4205,16128,1860,4115,2061,1561,11343,581,1640,1694,1172,9744,3925,32579,59736,2071,539,1546,5753,7273,5548,341,6638,6767,6739,3138,3866,1876,7641,35062,3574,4742,10118,1514,1293,9263,3818,739,140253,8006,5501,1554,11637,17852,3164,5701,8324,5721,46663,6681,10300,9148
R39201,Kochi_ken,Kochi_shi,2.89,1038315,84279,26635,12576,20222,3650,1737,1353,3362,6262,3033,480,504,1070,3395,72376,4617,1157,315,7530,269,4210,1130,499,1443,3483,1802,1207,3027,1527,4055,1411,518,218,659,881,243,1573,949,2528,951,7064,3096,2532,3479,1276,1346,1502,502,2380,3001,94620,21959,29853,20023,4748,3333,3546,6883,1855,2419,49002,12129,2039,13066,1034,4802,503,15431,97066,3333,1846,1738,3051,2618,2382,1027,5993,1126,2416,426,1477,2435,840,3742,565,641,2210,1214,1541,3163,1636,8941,1934,1997,1625,1482,1786,3036,249,154,2646,1358,557,2252,5553,2478,3176,862,1937,866,1263,2072,2049,891,259,2224,39772,4326,4610,268,4208,2462,2894,731,728,1333,773,3687,5540,2145,4003,2065,44561,4208,563,398,1698,1703,966,631,970,851,1715,2113,1012,1650,3331,2438,1964,6429,11923,101270,785,1012,8639,991,8900,1946,1978,11614,4626,7714,8316,2441,7590,2884,12901,18934,156946,27424,16625,6954,6196,21039,2107,5785,1854,1702,14431,519,1243,2042,1354,11817,4579,31276,61747,1573,534,1472,7651,6808,6271,395,7163,8031,4771,3457,3527,1787,8307,42621,3148,5086,8455,1860,2374,14116,6485,1097,194054,8414,10544,3487,18691,28416,5767,15781,19541,8074,28687,7482,28541,10629
R40130,Fukuoka_ken,Fukuoka_shi,2.88,1058906,88705,30404,9702,23944,2844,1863,1501,3730,5040,2725,690,678,1534,4049,66835,1615,1281,602,863,665,4460,1013,457,1718,2885,1576,802,2844,1415,7234,5315,305,143,524,711,256,1118,4168,669,369,6970,2600,1920,2423,1295,863,2060,500,2425,2770,106670,26215,32299,23472,3817,3847,4270,7343,2366,3040,50837,15045,1375,12066,1204,7371,738,13038,107280,3434,1490,1441,3320,2659,2455,1099,6128,1352,3241,871,1553,2644,1139,4406,915,599,2968,1170,1472,3427,1889,7881,2380,1748,1756,1311,1831,6250,454,458,3382,1733,730,3138,4767,2570,5067,812,1404,973,971,624,4050,893,415,2009,37206,4892,3542,276,1625,1499,2187,1007,669,1124,275,3307,5862,2304,4569,4070,48015,4948,573,417,1801,2360,1064,751,824,834,1759,2343,1134,1465,3956,3290,2031,5074,13390,101956,544,1248,10228,667,7567,2058,1516,9323,4476,5093,6197,2608,6361,2406,12413,29251,150287,23390,13515,5450,5730,19411,1295,4262,1641,1520,11347,764,2066,2434,1544,11355,4565,39999,60847,3616,826,1559,6679,8167,4971,383,7601,6519,4510,2184,4050,1117,8664,43944,5036,6168,12419,2197,4324,7782,4685,1334,196322,7967,7604,2255,12156,21988,5129,11197,8595,6691,69932,8374,24345,10090
R41201,Saga_ken,Saga_shi,2.91,1014772,86212,29202,9376,22657,2898,2169,1278,3341,6111,3321,464,544,1554,3297,65234,1843,1718,527,745,1240,4941,828,430,2026,3400,1473,710,2556,1544,5612,4098,264,240,519,498,189,1791,2082,548,329,5515,3805,2581,3093,1346,921,2048,432,2338,3006,103869,25990,32213,20651,4074,3399,4775,6875,2359,3534,46385,13547,720,12276,944,5703,589,12606,104698,3366,1860,1702,3144,2198,2097,1245,4587,1216,2850,656,1326,2447,1229,4520,1054,617,2529,796,1462,3306,1985,7439,2005,1911,1914,1525,1543,4742,472,397,5653,1172,609,2774,5285,3194,4744,814,1573,1021,1085,699,4449,1057,402,2029,33818,3746,3187,177,1440,1828,2284,755,628,1359,681,2696,5825,1969,3847,3397,47595,4812,642,402,1912,2267,1382,639,726,729,1908,2192,1118,1633,4244,2574,2206,5426,12781,101548,1068,1219,9716,880,7210,2112,2000,10367,4476,6031,8721,3210,6292,3193,12395,22658,151541,19882,14289,6493,7773,19780,1766,5869,1932,1871,13833,951,1603,1989,1746,14266,4615,32883,64954,4648,447,1699,7702,7192,5153,337,5898,8959,5488,3220,3674,1726,8809,39982,4881,7340,10376,1854,1658,8850,4109,914,168936,8418,7946,3073,15567,41245,3821,15326,10296,6292,23869,8175,15502,9405
R42201,Nagasaki_ken,Nagasaki_shi,2.77,1020412,94520,33398,9654,25713,3055,2029,1423,4518,5865,2502,567,629,1586,3581,79086,1270,2376,799,1256,489,5087,1011,321,1813,4619,1858,886,3297,1923,9758,5579,409,276,557,730,344,1298,1414,570,483,6625,4526,2564,6400,2058,818,1774,466,2304,3130,106225,24705,33709,20305,5466,3641,4504,7912,2810,3171,48265,14119,782,11760,1074,5902,622,14006,110999,3576,1560,1672,3033,2698,2620,1408,5530,1350,3164,735,1525,2559,1160,4237,954,565,3134,1258,1634,3599,1864,7680,2268,1976,1928,1399,1909,7845,462,481,3060,1615,1031,3000,5359,3120,4507,964,1593,1494,1046,584,4124,995,356,2366,42117,5286,3786,250,1578,1607,2529,1159,885,1488,879,3088,6317,2249,7377,3641,48936,4706,660,350,1878,2523,1429,738,776,778,1768,2449,1106,1530,4257,2998,2139,5299,13550,101607,531,1154,9328,5906,6174,2570,1366,8934,4176,5016,6636,3090,6155,2332,12463,25775,153030,22501,14422,5493,5323,19052,2348,5361,2285,1697,14472,625,1827,2206,1522,8208,2515,43174,63317,4635,791,1585,7586,8256,4482,302,7247,7148,6119,2908,3894,1244,7120,35035,4583,5814,10112,1268,1891,7467,3145,756,137275,4332,4821,2109,11987,18344,2972,7267,5771,4331,48097,7267,12530,7446
R43100,Kumamoto_ken,Kumamoto_shi,2.99,1089553,87105,31103,8983,22007,2836,1921,1576,3622,5119,3410,604,733,1421,3770,63727,2043,1194,514,894,596,4848,917,479,2194,3210,1341,982,3421,838,6523,4402,244,109,483,685,247,1244,2083,637,330,6555,2329,2235,2466,1118,845,1610,641,2541,2932,113324,25642,33480,23368,5106,6935,4157,8319,2924,3393,50940,15161,854,11594,1304,6723,670,14633,107471,3454,1459,1446,2953,2341,2500,1327,5655,1249,2825,1152,1453,2556,1119,4462,791,396,3051,1197,1347,3667,1890,7861,2384,1920,1839,1593,1968,5019,516,398,3165,1513,539,3203,5060,3312,6008,795,1448,1229,918,563,3972,991,518,2446,38129,4222,3233,307,2770,1769,3281,884,561,2442,1553,2450,5552,1830,3745,3531,49947,4861,558,420,1878,2779,1211,902,796,872,1892,2658,1179,1524,4163,2686,2697,5084,13785,104502,570,1535,10281,797,8627,2644,1714,8858,4780,5636,7469,2588,7589,2572,12205,26640,152030,23021,13778,5400,7181,17609,1850,5226,1844,2061,14013,654,1868,2516,1636,11307,4965,37100,61053,3741,749,1545,6542,7203,4498,421,7415,7818,5755,2392,3640,1435,7899,51202,4782,7844,12361,2271,5254,11696,5279,1714,210124,6486,7303,2420,14669,25989,4214,10682,10280,7922,65083,7296,31882,15897
R44201,Oita_ken,Oita_shi,2.82,970818,80090,26045,9275,21166,2934,1578,1352,3455,5306,2734,551,758,1265,3671,63054,1398,1599,702,868,939,4427,999,550,1557,3287,1294,735,3236,1155,6347,5139,270,206,553,625,218,1372,1842,659,533,6233,2504,1997,2636,1306,675,1713,527,2371,2585,106713,26176,31449,23037,5133,3508,3790,7699,2495,3424,45271,12455,626,11537,1192,5606,630,13225,96034,3221,1272,1411,2945,2348,2093,1082,4973,1182,2832,999,1475,2483,1179,4415,712,405,2135,960,1244,3091,1943,6439,1919,1876,1871,1408,1437,4357,386,608,2856,1292,585,2604,4626,2708,4637,693,1603,1052,886,728,3633,967,567,1896,33748,3676,3865,308,1810,1539,2891,643,752,1084,691,2951,4992,1789,3240,3517,44789,4558,564,386,1951,2410,1264,963,729,800,1703,1810,874,1451,3751,2660,2010,4670,12234,97508,603,1204,8939,699,7321,1871,1924,8907,5087,5247,7837,2666,7151,3007,11396,23650,142469,22573,13153,5675,6106,15738,1937,4259,1874,1936,15861,494,1625,2092,1655,11534,2524,33434,57181,3164,670,1543,6921,7125,5193,412,6335,7207,2776,2372,4338,1280,7845,38730,3644,8521,8847,1954,2050,8575,4080,1060,165231,6365,8250,2657,14676,24632,2568,10343,13960,8213,41696,7704,14714,9453
R45201,Miyazaki_ken,Miyazaki_shi,2.75,1007959,88557,34346,8498,22074,3573,1670,1342,3666,5058,2547,442,572,1438,3332,64981,2990,2036,702,2227,571,3882,1319,381,968,2710,1528,703,2684,1284,6096,4206,251,257,378,496,208,1383,1857,492,656,6822,3206,1904,2611,1247,896,1987,571,2540,2931,100132,23441,30445,21488,3898,2937,3995,7464,2311,4154,45372,14428,840,10888,1191,5467,555,12004,102623,3716,1526,1684,3088,2449,2393,1065,4856,1403,3001,1060,1495,2448,1001,4281,440,502,3044,817,1478,3687,2014,7218,1929,2177,1894,1450,1621,4562,503,415,2539,1245,593,2513,5504,2756,4372,621,1506,1129,1412,660,4455,1137,395,2570,42236,5261,3940,269,3090,1553,3209,1085,447,1308,1442,3160,5832,1940,6404,3294,48472,4724,455,478,1829,2627,1547,984,722,782,1896,2178,1087,1492,3656,2621,2076,6047,13273,94433,715,1406,10026,791,6091,2059,1494,8649,5234,4818,6184,2915,6514,2631,12405,22502,155823,21762,14263,5519,6127,18206,2637,5403,1819,2010,14419,552,3478,2245,1823,11022,4151,40389,65855,5266,509,1872,8641,6595,4423,416,6845,7666,5858,2665,4599,1813,8686,47172,2408,12067,11708,1197,2671,11174,4716,1231,152303,7723,7860,2116,12607,25064,1961,9246,7234,5422,40747,6901,15470,9952
R46201,Kagoshima_ken,Kagoshima_shi,2.82,999535,88297,31358,9134,22777,3135,2138,1540,3835,5705,2457,518,579,1672,3451,64397,2548,1268,691,1775,212,4818,1531,312,1435,3883,1402,883,3150,1091,4745,4421,318,168,265,680,324,1288,1291,520,405,4958,6479,1436,2466,1093,982,2078,496,2634,2352,102321,22364,33325,23534,4692,2905,3642,7265,2120,2474,47854,13814,1832,11248,1132,5851,552,13425,102221,3393,1321,1462,2868,2742,2411,1246,5384,1729,3037,724,1682,2820,1028,4444,446,555,2617,989,1443,3468,1687,6584,1945,2142,2042,1486,1687,4106,397,654,3102,1466,785,2832,5217,3035,4944,763,1711,989,912,429,3390,1435,405,2270,36667,4440,3534,210,2286,1320,2958,1182,481,1488,678,3249,6078,2111,3068,3584,47634,4760,527,470,2216,2536,1602,1121,794,864,1834,2317,857,1621,3986,2630,2072,5467,11959,104995,506,1919,10506,684,8074,2105,1475,9586,4977,5234,6668,2760,6992,3002,13321,27185,132746,20554,14136,5435,4461,15826,2644,4545,1724,1736,12098,497,2251,2359,1277,9446,2518,31239,66008,3811,812,1452,6656,6752,4683,486,7779,6799,9388,2270,5101,1877,8142,40590,2378,11351,10321,1256,2062,7891,4530,801,165804,7011,7456,2648,13372,24314,2458,10249,9636,7849,45099,7231,15360,13122
R47201,Okinawa_ken,Naha_shi,2.92,945343,86257,34632,9129,19571,2034,1494,1193,5314,4997,2018,257,506,1132,3981,50384,5241,259,113,853,149,5016,846,393,588,952,844,458,1694,439,5472,4725,286,124,222,457,198,533,608,728,59,2607,1215,1383,2424,588,2033,721,159,5437,2559,84233,15292,29156,16155,3357,2817,2772,6029,2400,6254,46726,13195,1733,10865,983,6723,594,12634,101535,2902,1782,1186,2649,2948,2837,1348,5898,1234,2741,302,1914,3984,711,4734,299,289,2442,921,1192,2969,1375,6507,2509,1287,1600,942,1764,7869,351,523,2787,862,940,3067,7708,1619,4271,652,1055,1634,568,219,2849,495,224,2578,36554,3794,3799,626,1844,859,1781,876,336,1258,515,2006,6031,1479,8272,3079,43591,5313,434,537,1351,1852,1178,791,616,759,1074,2041,973,1319,4066,3065,1532,4104,12586,88223,195,541,5541,923,7600,1816,1078,7825,3345,4777,7326,2529,6569,2479,9755,25922,150773,26213,13320,6533,5142,14454,1868,4622,1593,2957,13203,477,1857,1270,2575,6376,2030,46283,70128,1246,738,1295,8600,7365,6975,780,7203,7999,5377,3063,7711,1253,10523,42254,1479,7742,13324,1401,2505,7804,6838,1159,144686,2386,6290,1621,8878,17156,2025,7679,5022,8417,56467,6313,15155,7277
